cut_off,r
0.05,0.4520249
0.1,0.4507783495248332
0.15000000000000002,0.4514914620501488
0.2,0.45185256144500674
0.25,0.4501217638181778
0.3,0.4492122991606364
